name,location,prize,date
Friesen and Sons,Barreiras,88730,2/9/2021
Kuhlman-Feest,Sobreiro,10570,2/28/2021
"Pouros, Botsford and Gutmann",Thị Trấn Phú Mỹ,46407,4/26/2021
Kohler-Toy,Licupis,94726,11/22/2020
"Lindgren, Moore and Mosciski",Straldzha,46141,12/2/2020
Hilll Inc,Lebedyn,76425,2/5/2021
Hilpert-Yundt,Luzhuangzi,99747,6/17/2020
"Goyette, Donnelly and Reichel",Pasłęk,59990,12/28/2020
Crona Group,Xindong,55866,8/24/2020
"Armstrong, Wintheiser and Reichel",Ajax,62435,12/20/2020
"Conroy, Hansen and Koelpin",Voorburg,28980,1/21/2021
Schaefer LLC,Strzelin,38667,10/31/2020
"Anderson, Wiza and Botsford",Phatthana Nikhom,12930,8/7/2020
Prohaska-Kerluke,Visoko,79047,11/29/2020
"Brakus, Collins and Huels",Pila,23158,8/24/2020
Glover Group,Bouna,81655,1/8/2021
Kiehn-Douglas,Baruchowo,62044,4/9/2021
Legros LLC,Rrapë,57610,10/13/2020
"Gibson, Gislason and Kulas",Yūki,53488,11/13/2020
"Walter, Cassin and Hane",Pyrgetós,35157,9/26/2020
Adams and Sons,Thạnh Mỹ,77728,6/14/2020
Sipes-Brown,Blizne,8872,10/20/2020
Streich-Mayert,Ngepoh Kidul,87970,8/3/2020
Murazik-Davis,Bulusari,89337,3/27/2021
Prohaska-Ruecker,Vila Verde,51410,6/21/2020
Johnson-Murray,Bahía Honda,57249,3/16/2021
Prosacco-Wisozk,Skutskär,69384,2/4/2021
Wiegand Group,‘Afrīn,87203,12/30/2020
Treutel Inc,Tigil’,56893,1/7/2021
Mayert Group,Nikhom Kham Soi,43569,4/15/2021
Boyle LLC,Jaru,28018,8/22/2020
Boyer-Pacocha,Serhetabat,59021,3/30/2021
Walker Group,Dayuanhuizu,35022,5/17/2020
Johnson Inc,Charqueadas,83344,10/29/2020
Bergnaum LLC,Talon,99531,6/29/2020
O'Connell and Sons,Barra Bonita,76063,8/11/2020
Hermiston Group,Nartkala,99168,9/26/2020
Collier-Weber,Grębków,87343,6/7/2020
Stroman-Frami,Ovacik,7576,8/17/2020
Hickle Inc,Tashkent,47750,7/29/2020
Zieme-Kiehn,Taishang,30457,8/11/2020
Keeling LLC,Mindupok,32602,4/13/2021
Roberts and Sons,Jayyūs,59186,10/1/2020
"Paucek, Kerluke and Simonis",Rungis,7707,4/30/2021
"Windler, Purdy and Stracke",Karangpari,79484,8/29/2020
Stracke-Pfeffer,Skhirat,24016,7/3/2020
Langosh LLC,Topi,94265,7/10/2020
Stoltenberg Inc,Emiliano Zapata,65924,10/4/2020
Ondricka-Ledner,Korczew,3730,10/8/2020
Effertz-Jerde,Issy-les-Moulineaux,30813,3/17/2021
Bradtke Inc,Candon,8265,7/22/2020
Luettgen-Bailey,Belisario Dominguez,47760,10/24/2020
Crona-Graham,Kusatsu,52332,12/28/2020
Hoppe and Sons,Xuji,55223,10/18/2020
Price-Beer,Kasturi,88494,5/4/2021
Ziemann-Keeling,Slobodskoy,55735,10/22/2020
"Medhurst, McClure and Bednar",Canguaretama,56747,6/20/2020
"Lynch, Dach and Schimmel",Guararapes,24848,7/20/2020
"Doyle, Heathcote and Grant",Argenteuil,54145,2/10/2021
Klocko-Shanahan,Ponte Nova,38878,9/6/2020
Bailey Group,New York City,27111,8/12/2020
Altenwerth-Price,Hashaat,37819,10/2/2020
Braun-Heidenreich,Purwasari,67599,3/30/2021
Abshire-Berge,Samaipata,20402,4/22/2021
"Nicolas, Farrell and Hammes",Capissayan Sur,73288,3/7/2021
Dicki-Wilderman,Glasnevin,11373,11/2/2020
Kreiger-Goldner,Toulouse,66289,3/22/2021
Bogisich-Daugherty,Zhongshangang,87512,8/25/2020
Lang LLC,Hitoyoshi,41777,11/21/2020
Kohler-Tillman,Matumadua,62746,8/27/2020
Barrows-Rath,Ţahţā,46071,8/16/2020
"Schamberger, Daniel and Grady",Pekijing,36078,7/8/2020
"Tremblay, Kuhic and Price",Lafayette,49768,10/6/2020
Harris-Jacobs,Rudolfov,33611,7/11/2020
"Hartmann, Kub and Rath",Chyňava,11810,10/19/2020
Senger and Sons,Itambé,12170,9/4/2020
Will-Thompson,Zhenchuan,85299,11/11/2020
Emard and Sons,Florencia,96040,8/28/2020
Funk-Kutch,Skołyszyn,79290,9/17/2020
Bartell and Sons,La Reforma,11853,2/8/2021
Bode Inc,Enewetak,47456,6/30/2020
Paucek-Heathcote,Manukau City,72213,8/27/2020
Mueller-Kovacek,Taipingxu,14392,7/22/2020
"Baumbach, Kutch and Homenick",Tipo-Tipo,21805,11/17/2020
Renner-Morissette,Dolinsk,13919,4/21/2021
Homenick LLC,La Fortuna,93427,9/9/2020
Koss-Abbott,Dzhayrakh,74841,2/2/2021
Purdy Inc,Lintingkou,78280,11/26/2020
Jerde-Fahey,Yishi,59067,5/26/2020
Harvey and Sons,Saint-Jean-de-Védas,35821,5/27/2020
Brekke-Smith,Caba,12945,10/15/2020
"McGlynn, Stark and Hansen",Shushary,71615,7/20/2020
Cassin Group,Kilifi,80369,4/26/2021
Spinka-Windler,Stockholm,21928,12/7/2020
"Hammes, Will and Wiza",Bralin,64109,7/23/2020
"Crona, Heller and Kihn",Rayong,53253,12/13/2020
MacGyver-Rohan,Ruukki,41854,2/25/2021
Hayes-Kuhic,Sueyoshichō-ninokata,56268,12/16/2020
Franecki-Daugherty,Boshkengash,80731,9/19/2020
"Wintheiser, Welch and McGlynn",Qiaotou,1069,12/30/2020
Hahn-Kunde,Quintão,93228,3/9/2021
Gutkowski Inc,Naranjal,14355,2/10/2021
Bruen-Murray,Konkwesso,57718,1/9/2021
Gottlieb Inc,Changbai,57285,9/15/2020
Schneider-Ullrich,Pongkor,77186,5/8/2020
Weber LLC,Krajan Puger Wetan,61418,7/16/2020
"Strosin, Larson and Heller",Wendo,81899,2/28/2021
"Predovic, Gaylord and Casper",El Paso,9419,12/8/2020
Koss LLC,Xiaozhang,24995,12/1/2020
Streich Group,Radā‘,39501,9/13/2020
Kemmer LLC,Bāglung,32821,9/14/2020
Schultz-Prosacco,Nekrasovka,29853,5/8/2020
Hermiston-Osinski,Xiaqiao,30301,6/8/2020
Lindgren-McDermott,Ouaoula,45482,2/13/2021
Grant-Hammes,Grand Rapids,19688,11/14/2020
"Halvorson, Marks and Beahan",Nokaneng,14599,9/23/2020
Thiel-Spinka,Carpenter,19588,9/25/2020
Runolfsdottir and Sons,Novaya Tavolzhanka,37622,11/15/2020
Willms and Sons,Hongtang,74247,4/27/2021
"Flatley, Emmerich and Okuneva",Songea,12744,9/23/2020
"Beier, Weimann and Muller",Cimalati,28905,7/24/2020
Ferry-Zboncak,Šabac,63769,8/10/2020
Cruickshank Inc,Lundazi,51504,11/25/2020
Kunze Group,Milín,89347,8/7/2020
Huels and Sons,Rinconada,10293,1/26/2021
"Gorczany, Prosacco and Schaden",Aix-en-Provence,93840,3/6/2021
Douglas Inc,Bandjoun,83426,5/5/2021
Cartwright Inc,Thaba Nchu,57127,2/9/2021
"Hansen, Mueller and Walsh",Hrvace,61551,2/25/2021
Kreiger and Sons,Ubaitaba,48709,1/11/2021
"Tremblay, Brakus and Maggio",Xilópolis,78854,11/18/2020
Wiza LLC,Gagah,7825,6/8/2020
"Sauer, Corwin and Farrell",Keruguya,31207,6/5/2020
Weimann Group,Straszydle,87788,10/29/2020
"Graham, Walker and Hilll",Montceau-les-Mines,21002,3/30/2021
"Kassulke, Strosin and Kunde",Santiaoshi,16099,8/29/2020
Robel LLC,Chittagong,99917,12/7/2020
"Collier, Wuckert and Schimmel",Gembu,5757,8/28/2020
"Harris, Hettinger and Koepp",Padre Bernardo,62565,5/1/2021
Robel Inc,Langtad,48921,12/6/2020
Conroy-Beatty,Xiaochi,75389,2/6/2021
"Kassulke, Williamson and Walsh",Ghurayd Gharamē,16434,6/29/2020
"Collins, Orn and Will",Colegiales,95233,4/28/2021
"Shanahan, Hermann and Hackett",Shipu,69840,6/4/2020
"Treutel, Gutkowski and Beer",Chicago,64477,2/16/2021
"McKenzie, Green and Jacobs",Repušnica,39729,8/24/2020
Dach Inc,Mutang,92525,6/15/2020
Goodwin Group,Kumamoto,1252,11/3/2020
Will-Heaney,Kabankalan,74351,12/19/2020
Kshlerin-Durgan,Pamplona,49548,9/15/2020
Klocko Inc,Meicheng,92666,7/4/2020
Greenfelder-Jenkins,Fengtai,54167,5/28/2020
Conroy and Sons,Shezë,76088,3/20/2021
Mayert Group,Pontal,46624,1/14/2021
Luettgen and Sons,Shahe,54359,11/8/2020
Mosciski and Sons,Kouvola,40351,7/18/2020
Gislason Group,Höviyn Am,41015,5/29/2020
Ratke Group,Stockholm,71247,1/3/2021
Jones-Stamm,San Juan,67455,11/27/2020
Murazik Inc,Hậu Nghĩa,92071,3/29/2021
MacGyver LLC,Rumilly,12014,1/6/2021
Bahringer Inc,Anxi,31924,2/20/2021
Anderson Inc,Herāt,85037,8/13/2020
Leannon LLC,Sigma,93963,8/23/2020
"Renner, Grady and Denesik",Karaundi,78052,12/12/2020
Rolfson-Deckow,Luoqiao,32411,5/22/2020
Hilpert Inc,Haishan,61473,6/26/2020
"Gleichner, Padberg and Dach",Bakung,44910,7/2/2020
Stark-Walker,Lidong,27623,8/24/2020
"Turner, Rath and Douglas",Greensboro,20257,5/24/2020
"Mante, Walter and Koss",Tsowkêy,64292,6/11/2020
"Waters, Upton and Hintz",Nicosia,14217,5/18/2020
Jakubowski Group,Panique,92742,10/29/2020
Schumm and Sons,Lublin,30371,2/14/2021
Braun-Gaylord,Mehron,63592,3/21/2021
Feeney-Langosh,Bajingmeduro,19193,6/15/2020
Wehner-Dicki,Luojiang,86484,6/27/2020
Tillman LLC,Sosnovka,28634,7/4/2020
Corwin-Witting,Wilcza,24326,1/15/2021
"Rosenbaum, Marks and Bosco",Manadhoo,17346,9/10/2020
Conn Inc,Al Wajh,93875,11/20/2020
"Powlowski, Jaskolski and Reinger",Stamford,77663,7/12/2020
VonRueden Group,Klapagading,49677,10/10/2020
"Hilpert, Swift and Raynor",Baisha,97148,3/27/2021
"Schowalter, Kozey and Pollich",Nürnberg,62960,8/18/2020
Blanda-Ebert,Město Albrechtice,80159,6/16/2020
Cummings-Miller,Maastricht,96800,5/16/2020
Harris LLC,Nijmegen,67482,1/28/2021
"Huel, Ankunding and Jones",Songqiao,89174,3/8/2021
"Macejkovic, Daniel and Altenwerth",Hongyi,47033,9/29/2020
Baumbach-Runte,Chenqiao,23696,8/3/2020
"Haag, Hermann and Kohler",Eucaliptus,1661,11/15/2020
Padberg and Sons,Girona,52984,5/18/2020
Lowe-Baumbach,Betaf,31226,9/13/2020
Lind-Halvorson,Aldeia da Piedade,1202,6/1/2020
"Bradtke, Jakubowski and Gislason",Oinoússes,31655,1/23/2021
"Crist, Feest and Pagac",Konsoy,60807,4/17/2021
Torp-Botsford,Kokoshkino,16267,5/1/2021
"Blanda, Gislason and Krajcik",Orléans,8739,7/3/2020
"Johnson, Will and Blanda",Kingston,33609,1/16/2021
Bruen-Kerluke,Karangkancana,29156,10/31/2020
Boyle Inc,San Jerónimo,83544,1/13/2021
Walsh-Tromp,Nerekhta,93841,9/6/2020
Bins Inc,Dongtian,43505,6/15/2020
"Hartmann, Wisozk and Streich",Smolino,95190,7/11/2020
Howe-Wiza,Pedaringan,28222,4/14/2021
Douglas-Botsford,Baisha,97054,7/25/2020
Brekke Inc,Kaura Namoda,96184,9/22/2020
Sporer-Haag,Psyzh,65148,11/18/2020
Huels and Sons,Aurillac,92991,9/1/2020
Reichert Inc,Thị Trấn Phú Mỹ,2329,3/16/2021
"Gleason, Kertzmann and Littel",Ceranów,84141,1/30/2021
Kreiger-Parisian,Ewarton,40926,8/24/2020
"Monahan, Greenfelder and Beier",Caçapava,1222,7/11/2020
Wunsch and Sons,Sapadun,9586,11/17/2020
Ullrich-Boyle,Lachute,21036,4/15/2021
Legros-Koch,Al Jubayhah,9550,8/30/2020
Upton and Sons,Yanahuaya,40208,3/20/2021
Bartoletti Group,Trondheim,8820,3/24/2021
Medhurst-Rempel,Verkhnevilyuysk,70192,4/25/2021
"Romaguera, Krajcik and Nader",Likhobory,51048,8/26/2020
"Mosciski, Renner and Emmerich",Kore,6854,11/28/2020
"Feeney, Glover and Heaney",Utan,95029,10/17/2020
Will-Nitzsche,Lyaskelya,61473,12/26/2020
Veum-Krajcik,Lhoknga,37803,7/14/2020
Kub LLC,Bangued,87541,1/15/2021
Bailey Group,San Esteban,39566,7/12/2020
Johns-Rowe,San Diego,27283,10/31/2020
"Pollich, Johnston and Ritchie",Chiţcani,61997,6/3/2020
"Aufderhar, Kessler and Dickinson",Kedawung,67550,8/28/2020
"Muller, Miller and Wiegand",Devin,69621,6/6/2020
Powlowski-Schowalter,Kaizuka,20540,9/23/2020
"Nicolas, Toy and Bosco",Suba,23790,5/1/2021
"Reichert, Dicki and Bartell",Jdaidet el Matn,4739,1/23/2021
Zemlak-Donnelly,Sambirata,45434,4/4/2021
Langworth-Frami,Bancal,14129,12/1/2020
Cronin LLC,Babakantugu,83190,11/30/2020
Nader and Sons,Albania,3203,2/11/2021
Pagac-Ondricka,Stutterheim,70367,6/7/2020
"Lind, Kling and Berge",Si That,72110,6/16/2020
Lueilwitz-McGlynn,Mariestad,58730,1/20/2021
"Kozey, D'Amore and Ankunding",Pleiku,25626,7/24/2020
Johnston-Brakus,Leuwipicung,91886,10/7/2020
Adams-Bogisich,Cempa,96128,1/12/2021
Huels Inc,Shamkhor,99280,2/27/2021
Haley-Gibson,Kachia,93478,6/17/2020
"Lakin, Mayert and Paucek",Witzenhausen,91509,2/15/2021
"Rippin, Dare and Cassin",Göteborg,65050,11/20/2020
"Stoltenberg, Douglas and Rowe",Alarobia,67873,12/3/2020
"Pouros, Gusikowski and Windler",Dauphin,77172,9/28/2020
Jacobson and Sons,Pinoma,32163,5/13/2020
Wiza and Sons,Dzików Stary,88210,1/4/2021
O'Keefe Group,Jinzao,46861,6/10/2020
Pfannerstill Inc,Cabannungan Second,77033,12/15/2020
Schiller and Sons,Moravský Písek,78344,3/25/2021
Hackett-Strosin,Dzhubga,80338,7/11/2020
"Shanahan, Mayert and Heidenreich",Bayshint,57223,6/16/2020
Kilback and Sons,El Estor,12937,9/18/2020
"Roob, Rodriguez and Gleason",Shimanovsk,93238,9/30/2020
Witting LLC,Sedayulawas,38698,9/9/2020
"Hartmann, Grimes and Friesen",Bandhagen,43352,12/26/2020
Grant-Nikolaus,Tassin-la-Demi-Lune,28893,6/16/2020
Weissnat-Krajcik,Unecha,91350,4/4/2021
O'Reilly LLC,Fovissste,23976,2/5/2021
Paucek-Schultz,Chamical,86063,3/20/2021
Reilly Group,Peterhof,38673,8/15/2020
Will Inc,Anaco,67383,8/25/2020
Franecki Group,Dado,71265,11/2/2020
Shanahan-Boyer,Limeira,40359,12/12/2020
Homenick-D'Amore,Tanakawu Dua,2380,1/24/2021
Beatty LLC,Siqu,19455,5/17/2020
"Oberbrunner, Hammes and Heaney",Guanchao,81854,12/12/2020
"Bednar, Kuhlman and Armstrong",Ḩammām Wāşil,8411,1/6/2021
"Osinski, DuBuque and Gorczany",Bābolsar,96448,7/15/2020
"Runte, Gleichner and Zemlak",Goussainville,80898,12/18/2020
"McLaughlin, Stroman and Fay",Velké Karlovice,36060,4/7/2021
"Nicolas, Yost and Fisher",Boston,24907,9/8/2020
"Sawayn, Kozey and Mitchell",Caracal,78575,10/19/2020
Zieme-O'Hara,Rouen,63087,2/18/2021
"Weissnat, Prohaska and Medhurst",Qidu,47625,2/18/2021
"Ritchie, Gutkowski and Kessler",Minjian,51619,4/12/2021
Ernser and Sons,Belovodskoye,88170,5/12/2020
Johns-Kshlerin,‘Uzeir,49492,1/12/2021
Johnson-Rowe,Chaupimarca,96050,6/17/2020
Larkin-Cormier,Pleasant Point,95034,10/9/2020
Schaden-Boehm,Åstorp,51748,7/13/2020
Murray Inc,Paris 16,30436,5/11/2020
Gibson Group,Banjar Bucu,59501,4/28/2021
Hettinger-Kuvalis,Sindangsari,87659,7/10/2020
"Friesen, Willms and Jacobson",Lingxi,47095,12/28/2020
Morissette and Sons,Sidi Slimane,29472,8/19/2020
"Murphy, Stehr and Larson",Lápas,42190,9/27/2020
"Farrell, Nolan and Bauch",Sīnah,61697,7/9/2020
Leannon-Macejkovic,Ivanovo,38892,5/10/2020
Crooks Inc,Mercedes,9644,8/29/2020
Sporer Inc,Baojiadian,5848,1/2/2021
Simonis Inc,Boevange-sur-Attert,92553,7/14/2020
MacGyver-Barrows,Tsumeb,56913,9/29/2020
"Hoppe, Yost and Schmidt",Ciekek,33826,11/2/2020
Hane Group,Rude,16521,8/28/2020
Price and Sons,Khomutovo,18470,3/10/2021
Willms and Sons,Weizhou,32815,6/23/2020
Rowe and Sons,Passos,16594,7/22/2020
Wiegand-Bauch,Burujul,57880,3/29/2021
Kub and Sons,Inriville,93698,12/13/2020
Watsica and Sons,Ngadipuro,17666,6/20/2020
Gleichner-Ryan,Mytishchi,79132,9/21/2020
Marquardt-Jacobson,Makueni,94037,9/24/2020
Harvey and Sons,Genang,68872,6/17/2020
"Kemmer, Balistreri and Yundt",Tianxin,58771,3/23/2021
Zieme-Swaniawski,Metz,42045,9/23/2020
Weimann Inc,Samothráki,60378,8/28/2020
Fisher Group,Qiaozhen,62209,2/13/2021
"Heller, Greenholt and Bahringer",Yingzhou,40684,10/20/2020
Moen and Sons,Messina,40088,2/1/2021
Bruen-Balistreri,Haizhouwobao,93766,4/7/2021
Bogan Inc,Agualote,66976,3/17/2021
Kautzer-Spencer,Kosum Phisai,47792,11/28/2020
Dibbert and Sons,Duobagou,60685,6/9/2020
Metz and Sons,Sakharovo,26221,7/2/2020
"Gutmann, Heathcote and Watsica",Jasper Park Lodge,53917,9/14/2020
"Williamson, Hegmann and Thiel",Ribeiro,37256,9/16/2020
Volkman-Goyette,Morris,52473,3/1/2021
"Hahn, Herman and Bashirian",Nyagla,25681,7/5/2020
Cormier-Olson,Buenavista,76279,5/7/2020
Walker and Sons,Gävle,81462,10/12/2020
Witting Inc,Khasht’arrak,1040,10/30/2020
Wiza LLC,Imbang,61295,6/21/2020
"Gottlieb, Fahey and Kuhn",Voloka,49613,8/18/2020
Collier LLC,Bailizhou,95316,10/25/2020
Dibbert-Casper,Torres Vedras,31898,1/22/2021
Marquardt LLC,North Bay,70961,3/10/2021
Hoeger-Ernser,Chocianów,55792,10/28/2020
Boehm-Corwin,Los Angeles,78712,8/27/2020
Kozey-Hahn,Bang Bo District,11661,8/23/2020
Steuber-Hackett,Taza,59450,8/31/2020
Tromp Inc,Portet-sur-Garonne,26162,3/1/2021
Kozey and Sons,Lagunillas,66182,7/20/2020
"Hahn, Medhurst and Carroll",Kladi,32805,6/20/2020
Daniel and Sons,Burlatskoye,1762,5/25/2020
Balistreri-Bergstrom,Jieshan,83261,5/30/2020
Braun-Nikolaus,Suvorov,50363,5/7/2020
Wunsch Group,Klavdiyevo-Tarasove,57254,3/14/2021
Schuster Inc,Changpo,80501,4/10/2021
"Ruecker, Ward and Graham",San Miguel,50000,1/24/2021
Langosh-Mosciski,Zhihe,92406,7/18/2020
"Hirthe, Shields and McDermott",Vabalninkas,51520,3/6/2021
"Kemmer, Veum and Rempel",Igrim,64381,6/21/2020
"Oberbrunner, Bednar and Pouros",Xiaomei,50726,5/16/2020
Simonis-Conroy,Solkan,27157,2/10/2021
Gleichner-Beahan,Kuangshan,58629,9/24/2020
Bednar-Orn,Jiangzhang,13533,11/30/2020
Hills Inc,Garawati,41494,10/25/2020
"Bode, Shields and Lebsack",Zhangtan,22381,9/19/2020
Koss LLC,Barra do Piraí,91536,1/20/2021
Lindgren Group,Montes Velhos,72615,3/14/2021
"Rosenbaum, Nicolas and Mayert",Shinao,60589,11/2/2020
Schulist and Sons,Rajadesa,44983,11/20/2020
Gaylord-McGlynn,Linxihe,95275,10/14/2020
"Lehner, Pollich and Conroy",Entre Rios,33997,12/27/2020
Schoen-Gislason,Bella Vista,57029,11/9/2020
Keebler Inc,Piraju,58666,4/6/2021
"Carter, Dibbert and Ryan",Camajuaní,9171,1/15/2021
Borer-Rau,Hamada,32843,5/20/2020
Hoeger-Lind,Beyla,20409,8/17/2020
"Wisoky, Olson and Cormier",Herrljunga,66954,3/3/2021
"Jakubowski, Hackett and Hartmann",Cherëmukhovo,5148,8/26/2020
Powlowski and Sons,Laoshawan,67267,5/15/2020
Ziemann Group,Shkodër,30482,3/20/2021
Mueller-Aufderhar,Saqqez,48276,5/13/2020
Kessler Inc,Nedryhayliv,67990,5/5/2021
Champlin Group,Battung,89070,10/1/2020
Jacobi-Purdy,Mississauga,36712,1/2/2021
Weissnat Inc,Bull Savanna,69776,12/20/2020
Sanford and Sons,Querocotillo,40599,5/2/2021
Cartwright-Fadel,Aykhal,28174,8/29/2020
"Emmerich, Bartell and Bartell",Cheremshan,42025,5/28/2020
Rempel-Cassin,Al Hoceïma,97696,12/29/2020
"Bahringer, Kihn and Lakin",Erdenet,47998,1/27/2021
"Keebler, Botsford and Leuschke",Loga,12628,3/24/2021
Haley-Schumm,Bộc Bố,70775,3/12/2021
"Weissnat, Schumm and Parker",Turi,83807,4/6/2021
Stanton LLC,Gabi,89846,1/16/2021
Rohan Group,Urechcha,98707,10/26/2020
Reichert Inc,Čapljina,8023,3/18/2021
Stamm and Sons,Ōmagari,95784,11/1/2020
"Kautzer, Effertz and Hackett",Pagak,63350,12/22/2020
Nader and Sons,Omboué,29656,12/29/2020
"Gutmann, Zulauf and Larson",Franceville,21158,9/1/2020
"Watsica, Streich and Orn",Berestechko,32600,3/8/2021
Hayes-Osinski,Palestina,4886,2/16/2021
"Schmitt, Pacocha and Bednar",Lucapon,42473,10/2/2020
"Oberbrunner, O'Hara and Heaney",Haibara,54144,5/26/2020
Lehner-Halvorson,Tucson,82730,11/26/2020
Schulist and Sons,Hezuoqiao,75860,8/18/2020
Schumm-Ullrich,Medellín,3533,6/9/2020
Dare Inc,Khust,86321,4/17/2021
Hills LLC,Jinshanwei,68439,5/12/2020
"Batz, Heathcote and Bauch",Paitan Norte,4427,4/30/2021
"Turner, Ritchie and Bode",Tanenofunan,97881,2/26/2021
O'Hara-Nader,Shawnee Mission,18443,2/22/2021
Hudson-Gerhold,Jeong,80785,6/19/2020
Reilly and Sons,Sangoleng,67481,12/16/2020
Parisian Group,Kwidzyn,38304,2/14/2021
Rippin-Koss,Ferreira,35416,11/20/2020
Wintheiser Group,Malimaneek,55834,6/10/2020
Hirthe-Marvin,Hondo Valle,21030,8/23/2020
Stoltenberg-Sporer,Ngama,44599,10/20/2020
"McLaughlin, Carter and D'Amore",Żelistrzewo,36393,7/28/2020
Kulas-Crooks,Zagórnik,1985,9/6/2020
Goyette-Homenick,Majāz al Bāb,74941,6/1/2020
"Hills, Waters and Bruen",Cheongsong gun,54683,11/16/2020
Feeney LLC,Melun,29039,7/16/2020
"Schiller, Renner and Wilkinson",Tver,9904,5/29/2020
Moore LLC,Houston,61369,9/18/2020
Toy Inc,Cibuah,52722,3/21/2021
Brown-Rohan,Cruz,39305,4/9/2021
"Gleason, Kub and Skiles",Nybro,42733,12/23/2020
"Dooley, Sanford and Greenholt",Seattle,3895,11/8/2020
Schaefer Group,Shenzhengqiao,85186,11/14/2020
"Bednar, Denesik and Wiza",San Pedro,23424,7/19/2020
Swaniawski-Farrell,Hīsh,50877,4/11/2021
Heller-Kling,Ishikari,55723,7/1/2020
"Rowe, Weimann and Flatley",Taloko,49785,12/24/2020
"Conn, Cassin and Murray",Morales,17528,8/19/2020
Pfannerstill-Jones,Examília,29190,12/12/2020
Kassulke and Sons,Stąporków,20086,5/24/2020
"Senger, Zboncak and Wuckert",Huntsville,6465,8/7/2020
"Veum, Schamberger and Blanda",Kraśnik,90472,6/28/2020
Ebert Group,Cusapín,70367,5/6/2021
"Frami, Lockman and Keebler",Osiek,7681,2/20/2021
Abernathy LLC,Złota,28523,1/29/2021
Kiehn Group,Botlhapatlou,5279,9/23/2020
Crona-Kautzer,Barapas,15620,4/20/2021
Murray-Mueller,Qijing,33955,6/18/2020
Beatty Inc,Caticugan,19396,1/11/2021
Treutel-Schulist,Pontevedra,93303,1/7/2021
Batz LLC,Colonia Elisa,87878,11/26/2020
Wyman-Batz,Yutan,74112,5/10/2020
Pollich-Hickle,Puerto La Cruz,92991,9/30/2020
"Jacobson, Block and Bayer",Sukadami,44980,2/1/2021
Dare-Ernser,Bełżyce,38789,10/1/2020
"O'Hara, Abernathy and Schmitt",Babahoyo,60536,8/18/2020
Thompson LLC,Idah,72338,1/20/2021
Torphy-Stark,Masuguru,28854,4/23/2021
"Schowalter, Littel and Hintz",Dongning,49426,3/11/2021
Mayert Inc,‘Ayn al Bayḑā,53976,1/28/2021
"Carter, Mraz and Murray",Songkar B,12542,12/7/2020
Weber-Schmitt,Sungaipuntik,12080,1/18/2021
"Reinger, Corkery and Schaefer",Dubova (Driloni),20292,11/19/2020
Casper-Okuneva,Idi Rayeuk,56179,3/30/2021
"Bayer, Pfannerstill and Windler",Thị Trấn Bắc Hà,90880,1/25/2021
Koss-Brakus,Gosë e Madhe,62873,10/15/2020
Okuneva Inc,Zgornje Jezersko,80275,3/5/2021
Wisoky-Graham,Liaodian,23129,12/14/2020
Rutherford-Hegmann,Kukawa,52650,10/23/2020
Kshlerin-Crona,Mayapusi,11097,10/24/2020
Lubowitz Group,Gelgaudiškis,44483,9/13/2020
"Bashirian, Hessel and Marquardt",Shangyi,17672,6/2/2020
Swift-Morissette,Maru,13550,6/6/2020
Sporer LLC,Bumirejo,43398,12/19/2020
"D'Amore, Gleichner and Luettgen",Sennoy,94483,3/25/2021
"Ullrich, Cartwright and Bergstrom",Tama,62881,12/25/2020
Marvin-Bashirian,Toulon,37202,10/5/2020
"Beahan, Aufderhar and Nolan",Pyhäntä,69449,5/5/2021
Quitzon and Sons,Karangnunggal,9700,7/31/2020
Lindgren-Jacobson,Erpeldange,61340,3/30/2021
Okuneva Group,Mölndal,35173,7/30/2020
Jerde and Sons,Aktau,80107,7/26/2020
Mitchell LLC,Kute,14969,6/13/2020
"Marquardt, Weissnat and Donnelly",Mueang Suang,4994,1/3/2021
"Will, Harris and Hahn",Coripata,40211,2/12/2021
Collins-Kunde,Banjar Kubu,91446,3/19/2021
"Reilly, Hauck and Gorczany",Turanj,93903,6/21/2020
"Watsica, Moore and Ondricka",Taphan Hin,11493,12/20/2020
"Kessler, Hickle and Treutel",San Antonio,60920,9/17/2020
Shanahan Inc,Taibai,16001,3/14/2021
"Schuster, Green and Balistreri",Bonpland,53018,1/22/2021
Hamill-Cassin,Jingyu,41912,6/30/2020
"Conn, Labadie and Corwin",Yandang,67075,10/15/2020
Carroll-Rohan,Milagros,32575,4/23/2021
Hahn-Anderson,Ferreira,91495,8/22/2020
"Bechtelar, Cummings and Davis",Wedoro,13227,10/9/2020
Kuvalis-Hermann,Daying,29987,2/23/2021
Yost-Anderson,Casais Brancos,3907,6/2/2020
Bosco-Auer,Glubokiy,41145,11/26/2020
Murazik-Turcotte,Sioux Falls,1209,6/3/2020
Hammes-Hoeger,Shāhīn Dezh,59651,1/16/2021
"Conn, West and Feil",Gīdolē,11089,5/24/2020
"Flatley, Champlin and Herman",Lomme,35238,8/25/2020
Reynolds-Lebsack,Noenoni,3629,12/4/2020
"D'Amore, Stokes and Green",Jiamachi,14584,7/14/2020
"Price, McCullough and Gleichner",Reszel,88594,8/15/2020
Koepp LLC,Zamboanguita,85620,5/30/2020
"Abbott, Casper and Kub",Nouaseur,50908,8/20/2020
Maggio-Schulist,Lamadelaine,50957,3/5/2021
"Bode, Cummerata and Cruickshank",Santa Clara,41687,3/14/2021
Nader LLC,Larochette,20995,1/15/2021
Jones-Ebert,Wringinputih,14557,10/20/2020
Blanda-Bartell,Kampong Chhnang,38779,8/20/2020
Parker-Ritchie,Bridgetown,89446,5/11/2020
Greenholt-Lakin,Tonghae,62368,1/28/2021
"Reilly, West and Littel",Danirai,94034,2/3/2021
Harber-Rice,Preiļi,97073,12/19/2020
O'Keefe-Gleason,Yëlkino,39632,1/15/2021
"Mayer, Kutch and West",Santana do Livramento,35027,4/24/2021
Mayer-Waters,Kanashevo,52391,4/24/2021
Schaefer-Stoltenberg,Itápolis,58396,3/22/2021
Bernhard LLC,Buyuan,10028,8/30/2020
Collier-Schneider,Wiślica,88571,4/23/2021
Prohaska LLC,Bantog,13705,12/20/2020
"Jerde, Yundt and Bradtke",Kota Kinabalu,55566,5/29/2020
"Schamberger, Schaefer and Smith",Shiozawa,90489,8/1/2020
Williamson Inc,Jinze,7492,3/3/2021
Zboncak-Hauck,Kadumelati,57705,12/22/2020
"Little, Marks and Prohaska",Salegading,80283,1/18/2021
Greenholt-Howell,Lubao,49401,3/8/2021
"Treutel, Labadie and Haley",Zhaojia,95587,4/17/2021
Adams-Schaden,Kuala Terengganu,76190,6/25/2020
"Schmeler, Cole and Schaefer",Itapecerica,1795,4/5/2021
Jones LLC,Puerto Deseado,29080,11/21/2020
"Bartell, Metz and Goyette",Tongjing,96477,11/14/2020
Dare-Gerlach,Gachancipá,54548,9/4/2020
Bogan-Kertzmann,Esigodini,54119,11/24/2020
Hoppe Inc,Antigonish,56051,9/28/2020
"Mitchell, Wiegand and Casper",Agen,81808,12/11/2020
"O'Hara, Will and Rowe",Luoshan,70147,4/8/2021
"Wuckert, Quigley and Koelpin",Dhamār,3926,4/11/2021
Grant and Sons,Quận Tân Phú,58809,3/20/2021
Beatty-Greenholt,Kardítsa,99821,12/31/2020
Hoeger Inc,Erechim,54731,2/28/2021
Watsica Group,Lille,11610,11/7/2020
Bahringer-Wisoky,Badean,46504,8/5/2020
"Dare, Kutch and Bergnaum",El Ingenio,99867,11/10/2020
Waelchi and Sons,Granja do Tedo,47344,4/24/2021
Cartwright-Kerluke,Woniuhe,3149,12/24/2020
Schowalter-Bernier,Tupanciretã,56885,1/25/2021
Schimmel-Barrows,Wilcza,15306,7/28/2020
Witting LLC,Konstantinovskoye,37198,7/11/2020
Pacocha-Hammes,Kihniö,53656,12/10/2020
Tremblay LLC,Linao,73978,8/29/2020
Pfannerstill-Runolfsdottir,Shuidong,7550,5/5/2021
Orn and Sons,Independencia,37798,10/2/2020
Howell Group,Gayny,81411,11/14/2020
Turcotte and Sons,Runaway Bay,15131,6/23/2020
Grady and Sons,Uíge,94873,10/1/2020
Lind-Champlin,Rokytne,87425,1/15/2021
"Lang, Dicki and Cole",Stopnica,52336,10/1/2020
"Hickle, Jacobson and Mills",Sintra,57849,1/30/2021
"Howe, Brown and Huel",Huangben,91899,4/26/2021
Romaguera-Swaniawski,Peace River,33010,4/28/2021
"Padberg, Rutherford and Conroy",Mogoditshane,61229,9/17/2020
Stiedemann-Bartoletti,Padilla,51780,4/9/2021
Keeling-Herzog,Budayuan,32633,2/9/2021
Botsford-Von,Bandungan Timur,12691,8/6/2020
Skiles and Sons,Teodoro Sampaio,66777,6/20/2020
"Huel, Quigley and Muller",Dongli,43079,2/2/2021
"Rogahn, Wiegand and Auer",Badarganj,3725,12/20/2020
Romaguera-Bartoletti,Xiumei,85805,3/1/2021
"Adams, Blanda and Veum",Senahú,77542,4/25/2021
"Hauck, Runte and Kozey",Stockholm,78514,6/17/2020
Gislason-Lesch,Letuyi,44774,5/12/2020
"MacGyver, Auer and Macejkovic",Changsha,36767,4/12/2021
Purdy-Corwin,Gongqiao,74108,6/22/2020
"Crona, Koss and Fahey",Kapitanivka,24286,5/15/2020
"Bailey, Reilly and Bosco",Klana,36098,12/18/2020
Gaylord-Koch,Ajman,59859,3/7/2021
Metz Inc,Zongluzui,30588,6/23/2020
"Kuphal, Schmidt and Conn",Tangtuzhui,99244,5/27/2020
Mohr LLC,Mŭynoq,32629,10/24/2020
"Osinski, Roberts and Lockman",Chichibu,81456,3/15/2021
Erdman and Sons,Pontian,27325,1/24/2021
Wintheiser-Trantow,Turgun,79000,4/30/2021
"White, Fahey and Runolfsdottir",Sundbyberg,54006,12/24/2020
Mertz and Sons,Lichtenburg,23819,8/11/2020
Kutch Inc,Santa Luċija,46818,6/11/2020
Ferry and Sons,Čerčany,87835,1/5/2021
"Pagac, Schuppe and Mohr",Nakkila,18080,10/21/2020
Schiller Group,Lousa,15471,5/21/2020
Hand LLC,Ban Na San,71727,8/20/2020
Legros and Sons,Newlands,52814,4/27/2021
"Hudson, Schmitt and Hahn",Tuanjie,93324,2/25/2021
Dach Inc,Iznoski,98488,12/4/2020
Wisoky Group,Kurovskoye,77456,12/28/2020
Koepp Group,Dongxiao,22559,9/28/2020
Powlowski Inc,Riosucio,25067,8/2/2020
"Stanton, Thiel and O'Kon",Mangas,57866,10/18/2020
Mayert-Dicki,Velyki Kopany,93872,11/6/2020
Leuschke LLC,Metz,30125,4/16/2021
McDermott-Jenkins,Lama,48700,2/20/2021
Kris and Sons,Talavera,66488,2/2/2021
"Cummerata, Klocko and Grant",El Aguilar,72401,11/16/2020
Welch and Sons,Tibillo,99436,6/9/2020
Mosciski Inc,Hennenman,53021,1/10/2021
Sawayn-Anderson,Sanjwāl,13577,5/31/2020
Mraz and Sons,Zaliznychne,70759,7/23/2020
Parisian-Metz,Ar Riqāb,10967,11/15/2020
Hilll Group,Huangmei,98958,7/9/2020
Gaylord Group,Guihuaquan,44705,9/28/2020
"Spinka, Armstrong and Grant",Temeke,55427,11/16/2020
"Hahn, Lind and Hilpert",Flin Flon,48058,9/27/2020
"Bahringer, Kovacek and Labadie",Palmital,86157,4/7/2021
"Kunde, Lubowitz and Ankunding",Natonin,61183,8/23/2020
"Wyman, Jacobson and Maggio",Karibib,57799,7/3/2020
Prosacco-Kassulke,Xiashuitou,79107,8/14/2020
Satterfield-Hodkiewicz,Kangshan,9346,3/9/2021
"Dickinson, Daugherty and Simonis",Zográfos,87531,12/16/2020
"Williamson, Block and Simonis",Gjinoc,44871,11/20/2020
Kemmer LLC,Cidamar,86348,2/26/2021
"Glover, Raynor and Collier",Bisée,81241,9/13/2020
Gleason-Collins,Memphis,64324,1/30/2021
"White, Rohan and Rolfson",Daguyun,73431,5/23/2020
"Lueilwitz, Schultz and Stamm",Aldeia,3516,9/29/2020
Sauer-Bode,Karlovo,25897,10/7/2020
Baumbach Inc,Jiahe,70243,2/4/2021
"Schowalter, Emmerich and Bayer",Serravalle,76210,11/18/2020
"Jerde, Doyle and Hintz",Karangsari,59662,6/30/2020
"Littel, Emmerich and Witting",Piltown,37468,7/3/2020
Hilll-Schultz,Zhigulevsk,88858,5/10/2020
"Cummerata, Wilderman and Torphy",Toutosa,36686,2/19/2021
Toy-Konopelski,Bremerhaven,37273,11/24/2020
Shields-Ferry,Maranganí,78400,4/26/2021
Ortiz and Sons,Erdu,16182,11/4/2020
Waelchi Group,San Luis,2326,2/10/2021
Pollich and Sons,Topola,55274,9/27/2020
Muller Inc,Osiek,49160,9/26/2020
Olson Group,Changzhi,98270,12/8/2020
Koelpin-Hintz,Żarki,46761,5/6/2021
"Leffler, Buckridge and Hilpert",Kose,8174,5/31/2020
Bernier and Sons,Lisovi Sorochyntsi,59805,11/10/2020
Gottlieb-Grimes,Nizhniy Novgorod,18899,10/26/2020
"Hudson, Nikolaus and Bartoletti",Japerejo,9544,10/22/2020
"Smitham, Denesik and Aufderhar",Alubijid,55211,2/1/2021
"Hettinger, Johnston and Herman",Chaowai,81717,8/6/2020
Predovic Inc,Wailebe,44187,1/27/2021
Dooley-Parisian,Gunungkoneng,1212,10/18/2020
Paucek Inc,Joroinen,3107,2/22/2021
O'Hara-Stokes,Sioux Falls,36336,10/5/2020
"Larson, Grant and Roob",Lavezares,73552,7/21/2020
Konopelski-Nitzsche,Añelo,29829,12/20/2020
Wilderman-Torphy,Brvenica,30564,4/10/2021
Heller-Jacobson,Kabaty,64737,12/12/2020
Hills-Hessel,Baisha,74427,8/14/2020
"Tillman, Sawayn and Ondricka",Manlucahoc,42813,6/25/2020
"Langosh, Shields and Wolff",Ferreiros,95740,9/14/2020
Paucek Inc,Kaligutan,96838,4/27/2021
Jenkins Group,Sagarejo,97939,6/26/2020
Boehm and Sons,Liantan,28095,4/3/2021
Gislason and Sons,Cerkvenjak,31347,8/14/2020
MacGyver-Hintz,Sundbyberg,66785,6/19/2020
"Torphy, Nienow and Marks",Prakhon Chai,14691,10/1/2020
"Murphy, Purdy and Lowe",Amboasary,82915,3/16/2021
"Schimmel, Volkman and Flatley",Houping,53725,4/25/2021
"Barrows, Wyman and Armstrong",Petrolina de Goiás,2403,7/3/2020
"Blick, Schmitt and Roob",Pedaringan,28934,4/21/2021
Denesik-Jones,Akriní,74129,4/4/2021
Mraz-Blanda,Korenëvo,31260,1/20/2021
Stark Inc,Vale Mourão,33559,9/10/2020
Kshlerin-Gerlach,Flor da Rosa,56093,9/8/2020
Kunde Inc,Volgo-Kaspiyskiy,90969,1/15/2021
"Weissnat, Lind and Abshire",Bara Datu,78728,5/6/2021
Lehner-Koelpin,Unión,20427,1/27/2021
O'Hara LLC,Diré,44223,2/17/2021
"Hickle, Halvorson and Heaney",Courbevoie,20398,1/12/2021
Douglas-Dickinson,Jiubao,19890,8/8/2020
"Boyer, Konopelski and Lemke",Porto Feliz,86643,2/5/2021
Smith-Turcotte,Novovasylivka,75401,1/4/2021
Kihn Group,Panique,98571,9/7/2020
Rippin-Koss,Jicomé,65379,6/24/2020
Block-Wolff,Campo de la Cruz,92803,2/9/2021
Zulauf Group,Jaguimitan,69092,12/8/2020
Keeling Inc,Bokor,27652,10/20/2020
Kassulke-Bode,Stockholm,20185,4/22/2021
Kautzer-Metz,Shuhe,62564,3/22/2021
Rowe-Deckow,Mogocha,78164,9/2/2020
"Schneider, Shields and Denesik",Mörrum,60349,7/27/2020
Wunsch Group,San José,63733,3/3/2021
Senger-Pagac,Owen Sound,16358,7/29/2020
Schumm Inc,Gaobu,70594,7/30/2020
"Mraz, Thiel and D'Amore",Strömstad,83482,10/29/2020
Berge-Schaefer,Tarascon,97142,6/27/2020
Thompson-Kunze,Jinsha,28360,8/6/2020
Zemlak-Johns,Sumber,78942,12/24/2020
O'Keefe-Sipes,Tromsø,39646,4/25/2021
Schulist-Kunde,Bartolomé Masó,18659,5/15/2020
Bauch-Pfannerstill,Magitang,69644,12/10/2020
Herzog and Sons,Brněnec,10308,12/8/2020
Hand-Goyette,Lazarevskoye,71067,3/2/2021
Rowe Inc,Fuchun,9859,1/25/2021
Jacobs-Labadie,Zarqa,79265,3/24/2021
Anderson-Spinka,Hazlov,11584,9/18/2020
Connelly-Farrell,Lewoeleng,39914,10/17/2020
Metz-Reinger,Tohautu,16176,9/28/2020
Wyman-O'Connell,Pražmo,21800,9/12/2020
Abshire LLC,Misasi,47280,5/10/2020
"Wolff, Emmerich and O'Keefe",Nong Bua,76893,12/13/2020
Jacobs-Hartmann,Karlskoga,15696,4/9/2021
"Hamill, Bartoletti and Hane",Lamawalang,1947,1/17/2021
"Mitchell, Rice and Fadel",Bodø,71001,4/19/2021
Grant-Baumbach,Muli,54999,8/11/2020
Osinski-Crona,Zhishan,2406,11/11/2020
Howell-Muller,Rochester,98997,10/17/2020
Grimes Group,Xiayunling,17840,1/31/2021
Emard-Howe,Pampanito,82468,7/19/2020
Reinger LLC,Amaraji,30353,3/16/2021
"Nicolas, Barrows and Boyle",Shizukuishi,26393,10/24/2020
Terry-Dicki,Bueng Sam Phan,79740,2/3/2021
Kessler-Rippin,Neochóri,54913,5/27/2020
Douglas-Schroeder,Weiting,41425,5/20/2020
Barrows-Stehr,Sintung Timur,71144,8/5/2020
"Kiehn, Johns and Gibson",København,91839,12/2/2020
Haley Inc,Vagos,40424,10/3/2020
"O'Conner, Barton and Bayer",Luzhou,62871,2/18/2021
"Kuvalis, Okuneva and Dibbert",El Real,44809,7/31/2020
"Rodriguez, Cormier and Flatley",Jingtou,66752,1/3/2021
"Adams, Feest and Jakubowski",Valkeakoski,45449,12/6/2020
"Ferry, Wuckert and Jerde",Longwantun,15397,6/9/2020
Schumm-Kunde,Skoútari,4078,12/13/2020
Daniel and Sons,Barakani,28265,7/10/2020
"Maggio, Lang and Cartwright",Lawrenceville,87842,11/23/2020
Gleichner-Bogisich,Heret,61895,2/22/2021
Gerhold-Ondricka,Maoping,2338,12/19/2020
Harris LLC,Mansôa,17615,10/16/2020
Rippin-Jerde,Cimara,21296,6/15/2020
Kreiger Group,Gebang,70658,9/26/2020
Schuppe-West,Megalochórion,83789,2/13/2021
"Schmitt, Feeney and Littel",Ust’-Ulagan,84904,12/10/2020
Cruickshank and Sons,Lirang,56251,11/19/2020
Haley-Wilkinson,Tambakan,80552,2/8/2021
Altenwerth LLC,Tambillo,37142,3/1/2021
McDermott-Von,Apongo,63869,8/8/2020
"Altenwerth, Keeling and Russel",Manyana,83788,3/27/2021
Kutch-Kirlin,Rehoboth,33739,5/21/2020
Hermann-Gottlieb,Xiaping,54437,8/28/2020
Hudson-Reilly,Chengyang,64489,11/22/2020
"Kautzer, Weissnat and Botsford",Novyy Svit,95553,3/29/2021
Cronin-Flatley,Lap Lae,25757,10/24/2020
Mitchell-Hoeger,Nanqiao,49992,4/14/2021
Wyman-Bergnaum,Kiruna,94081,12/9/2020
"Hackett, Medhurst and Borer",Hats’avan,41140,1/15/2021
D'Amore Inc,Acacías,52883,4/14/2021
"Bashirian, Beer and Schneider",Palmeira,78356,3/10/2021
Jacobs and Sons,Zavolzh’ye,21757,3/12/2021
Schimmel Group,Mâcon,65415,3/8/2021
"Boyer, Bahringer and Ferry",Nelahozeves,38381,7/20/2020
West Inc,Sok Kwu Wan,94737,12/31/2020
"Monahan, Nikolaus and Effertz",Medvedok,37997,4/6/2021
Hilll and Sons,Uwajima,72556,2/23/2021
Gibson-Beahan,Ḩajjah,88600,5/4/2021
Kuphal-Bechtelar,Qinghaihu,87162,6/21/2020
"Bruen, Block and Boyer",Hwacheon,82189,4/15/2021
"Braun, Bogisich and Baumbach",Boconó,93623,8/29/2020
"Champlin, Crona and Abernathy",Paris 19,22653,6/17/2020
"Murray, Rice and Vandervort",Menampukrajan,69805,1/19/2021
Kuhic Inc,Changshan,71005,9/19/2020
Kiehn-Feil,Frederiksberg,37716,10/8/2020
Block and Sons,Ridderkerk,71036,5/14/2020
Romaguera-Mills,Shah Alam,17243,1/22/2021
Kunde-Littel,Curahkalak Tengah,41089,6/27/2020
Hammes Inc,Comandante Luis Piedra Buena,22253,8/11/2020
Jakubowski and Sons,Ongabelen,76839,10/18/2020
"Hirthe, Barton and Pouros",Sokarame,37111,8/6/2020
Satterfield-Hessel,Argalastí,12777,5/10/2020
"Cormier, Beatty and Denesik",Kinalaglagan,8538,11/4/2020
"Hilpert, Haag and Sanford",Satuba,19017,1/24/2021
"Willms, Murazik and Roberts",Antes,77558,7/3/2020
Franecki Group,Yershov,69694,7/26/2020
Stoltenberg LLC,Murom,36489,1/22/2021
O'Connell Group,Villefontaine,83559,6/18/2020
"Barton, Yundt and Dickinson",Bin Yauri,48585,2/27/2021
"Bogan, Considine and Beatty",Loreto,87586,5/31/2020
Ullrich-Schuster,Lazaro Cardenas,53491,11/29/2020
Dooley and Sons,Celorico de Basto,4130,10/18/2020
"Hoeger, Sanford and Zulauf",Prakhon Chai,12628,2/3/2021
"Kuhn, Hoppe and Schultz",Wailang,47865,11/3/2020
"Yost, Greenfelder and Lemke",Balung,49542,10/17/2020
Kirlin-Zboncak,Dzhalka,69642,4/13/2021
"Sawayn, Stehr and Goyette",Puhja,44006,10/20/2020
Kerluke Inc,Lubień Kujawski,27848,9/17/2020
Legros Inc,Bayt ‘Awwā,79784,11/8/2020
"Schumm, Fisher and Miller",Malian,93663,9/24/2020
"DuBuque, Gleason and Shields",Lazaro Cardenas,69574,5/7/2020
"Brown, Jacobson and Turcotte",Peuara,95895,1/27/2021
DuBuque Group,Bromma,10938,10/13/2020
"Morar, Cartwright and Jast",Krzczonów,45159,10/17/2020
"Cummings, Abbott and Carroll",Mrongi Daja,6278,12/12/2020
Swaniawski and Sons,Torsås,59662,3/21/2021
Leffler-Cole,Arnaía,22747,7/19/2020
Thompson-Howell,Same,46539,1/24/2021
Monahan-Mosciski,Golovchino,16713,3/7/2021
Hane-Bogan,Sundsvall,40859,8/10/2020
Bartell-Mitchell,Kronoby,93596,9/5/2020
"Gleichner, Stehr and O'Kon",Triesenberg,48343,10/5/2020
Gottlieb and Sons,Obesi,87206,9/9/2020
Larson-Skiles,Nikulino,64555,9/6/2020
"Weber, Fay and Haag",Aş Şaff,8312,7/18/2020
Rosenbaum-Kuhn,Säter,3640,10/31/2020
"Donnelly, Pfeffer and Reinger",Novonikol’sk,73119,5/23/2020
Metz LLC,Salacgrīva,67903,10/8/2020
Runolfsdottir-Gulgowski,Cipanjang,26034,6/20/2020
Nolan-Gaylord,Megulung,23161,7/3/2020
"Wintheiser, Price and Connelly",Ghormach,3482,10/22/2020
"Nicolas, Bailey and Greenfelder",Não Me Toque,49809,10/30/2020
Lubowitz-Schroeder,Jiangwei,69576,6/18/2020
"Kshlerin, Streich and Becker",Laborde,63991,8/25/2020
Kuvalis LLC,Montpellier,64048,1/24/2021
"Cartwright, Denesik and McKenzie",Mesa,4623,3/31/2021
Sanford-Gottlieb,Neuzina,97713,5/27/2020
Beatty-Turcotte,Goulmima,25973,10/22/2020
"Lebsack, Heller and Powlowski",Medang,19238,6/10/2020
"Zulauf, Bartoletti and Emmerich",Göteborg,40782,12/25/2020
Towne-Mante,Belogorsk,86541,9/20/2020
"Stehr, Blick and Volkman",Wete,28039,6/27/2020
Labadie-Altenwerth,Tomelilla,67684,12/10/2020
"Cruickshank, Sanford and Abernathy",Itapemirim,71257,6/15/2020
Becker-Feeney,Jinzhou,99396,7/6/2020
Rodriguez-Ankunding,Jingjiao,95708,8/5/2020
Upton-Ritchie,Jindaoxia,41095,8/18/2020
Monahan-Kessler,São Luís do Quitunde,21124,12/25/2020
Sporer Inc,Biguaçu,83725,1/9/2021
Goldner-Douglas,Héroumbili,42585,3/8/2021
Cole-Mayert,Fangshan,61068,12/28/2020
Hodkiewicz LLC,Unión de Reyes,50769,1/26/2021
"Stanton, Barrows and Lehner",Ashiya,48360,11/23/2020
Bernier-Krajcik,Dadus,15873,2/12/2021
"Heathcote, Renner and Mills",Esquina,97453,1/22/2021
Gaylord-Kemmer,Kurba,41053,9/17/2020
Reinger Inc,Qingzhou,62006,12/3/2020
"Koch, Rempel and Monahan",Povenets,42049,2/7/2021
White and Sons,Hayan Hudong,52954,9/4/2020
"Hammes, Bahringer and Volkman",Mazongling,88797,6/22/2020
"Hegmann, Davis and Schmeler",Västerås,87916,7/13/2020
"MacGyver, Rempel and Keebler",Salcedo,5292,5/23/2020
Tillman Inc,Wuxiang,84580,8/24/2020
Wilkinson and Sons,Wufeng,75328,1/26/2021
Powlowski LLC,Yangdu,53306,5/25/2020
"Reinger, Haag and Terry",Shebalino,24739,5/27/2020
"Mraz, Ankunding and Cronin",Patrocinio,71915,8/27/2020
Pollich-Ryan,Birmingham,2075,6/12/2020
Hansen-Hegmann,Chenji,44758,3/20/2021
"Carter, Langworth and Roob",Drammen,43570,1/29/2021
Steuber LLC,Kegeyli Shahar,56706,5/2/2021
"Mills, Schroeder and Mohr",Suwaluh,68733,6/1/2020
"Effertz, Kerluke and Predovic",Luwan,75173,3/5/2021
Kunde-Kihn,Oromocto,48620,12/10/2020
Abbott-Gaylord,Yizhivtsi,88152,7/4/2020
"Bogan, Johnson and Jakubowski",Birendranagar,32503,12/8/2020
Nikolaus Group,Panikihan,27378,11/8/2020
Crist-Wyman,Lipu,50476,5/20/2020
Kautzer-Ferry,Babakankiray,72305,8/6/2020
"Ruecker, Gibson and Friesen",Cigalontang,97513,6/29/2020
Trantow and Sons,Heshui,29823,12/5/2020
Cummerata-Franecki,Carepa,84129,9/13/2020
Bartell-Larkin,Yasothon,95880,8/13/2020
"Pacocha, Miller and Hauck",Västerås,82674,11/7/2020
Corwin Group,Raleigh,59234,8/6/2020
"Keebler, Farrell and Kautzer",Ghāro,53500,3/8/2021
Connelly LLC,Villa Dolores,33487,3/6/2021
"Parker, Volkman and Koch",Altos,77181,10/18/2020
Becker-Bartoletti,Kansas City,5166,3/13/2021
"Littel, Hintz and Ziemann",Mingshuihe,24757,11/26/2020
Kerluke-Little,Praia Grande,82745,2/19/2021
"Kutch, McDermott and Flatley",Toungo,57752,4/15/2021
Greenfelder-Turner,Tikhoretsk,85882,11/20/2020
Yundt and Sons,Fanrong,99459,4/15/2021
Schinner-Jerde,Gävle,54027,9/28/2020
"Ritchie, Kilback and Effertz",Khlong Hat,91416,11/22/2020
Nolan-Crist,Bulu,37492,2/11/2021
Stroman-Koch,Kibiya,78501,7/10/2020
"Stoltenberg, Kuhic and Kovacek",Pryluky,82802,4/2/2021
Osinski-Murray,Istaravshan,16660,8/20/2020
"Osinski, Fadel and Pagac",Ādaži,86590,7/13/2020
"Mosciski, Aufderhar and Wunsch",San,85868,8/25/2020
"Kuhn, Gislason and Abbott",Puputan,38044,6/6/2020
Christiansen Inc,Skarbimierz Osiedle,97394,3/3/2021
Conroy Group,Châteaudun,70443,11/12/2020
Fadel-Gottlieb,Pangai,50419,12/19/2020
"Gerlach, Jast and Abernathy",Banī Khallād,22606,10/21/2020
Rowe Inc,Manlio Fabio Altamirano,26209,5/31/2020
Osinski-Hilpert,Mandala,53069,1/28/2021
Ankunding LLC,Pulau Pinang,9465,2/28/2021
Bashirian-Lubowitz,Milove,71378,1/27/2021
Ullrich and Sons,Coronel Vivida,71806,9/4/2020
"Heaney, Kerluke and Boyle",Santa Rosa de Copán,53200,8/31/2020
Fisher-Blanda,Majunying,70270,2/16/2021
"Metz, Dach and Toy",Pöytyä,30569,5/9/2020
Schaden Inc,Okazaki,76782,11/26/2020
Kuhn-Kuhic,Verkhniy Baskunchak,91825,7/10/2020
DuBuque and Sons,San Miguel Ixtahuacán,30221,2/24/2021
Barrows-McClure,Anjiang,86149,5/5/2021
"Gleichner, Gleason and Conroy",Tanghu,94076,3/18/2021
Gorczany-Weissnat,Daleman,71121,6/4/2020
"Konopelski, Kuhic and Conn",Casa Quemada,68840,9/11/2020
Leffler Group,Dawan,69943,12/31/2020
"Kautzer, Conn and Gleason",Nanxing,31378,8/28/2020
Yundt-Predovic,Novouzensk,60595,8/6/2020
Russel-Volkman,Al Ḩudaydah,67453,8/30/2020
Weimann and Sons,Mesiméri,34350,4/18/2021
"Schimmel, Bergstrom and McClure",Elvas,1604,2/24/2021
Osinski Group,Carolina,41611,7/20/2020
Nolan-Koepp,Praia,66997,2/28/2021
Kling Group,Krajan,39369,2/9/2021
McCullough and Sons,Ekou,63202,1/12/2021
Harris and Sons,San Luis,89153,5/10/2020
Marquardt-Mayert,Berendeyevo,79292,4/12/2021
Cormier-Champlin,Huangtu,81354,2/12/2021
"Bauch, Leannon and Stark",Tarbes,79512,9/27/2020
"Windler, Turcotte and Cremin",Boden,83804,9/30/2020
Bailey-Hermann,Esperanza,50120,12/25/2020
Kozey-Jast,Dunleer,18615,12/23/2020
O'Connell-Jast,Fier,93237,8/9/2020
"Kunde, Hills and Rohan",Karlskoga,86487,3/9/2021
"Ritchie, Boyle and Pacocha",Zelenogorsk,73285,7/14/2020
Rath-Gorczany,Noisy-le-Grand,12873,4/23/2021
Davis Inc,Regnów,32285,10/17/2020
"Heaney, Weber and Koelpin",Doloplazy,29439,10/25/2020
Wisoky-Predovic,Wattala,22686,12/23/2020
Kessler Group,Al Hilāliyya,75536,3/26/2021
Lesch-Olson,Tumen,53163,6/11/2020
"Casper, Frami and Kerluke",Bayan-Ovoo,72265,12/28/2020
Anderson-Williamson,Katiola,45878,7/12/2020
Ortiz Inc,Tangkanpulit,83395,6/5/2020
"Marquardt, Crooks and McClure",Pasian,31170,6/17/2020
Schulist LLC,Calomboyan,26769,4/21/2021
"Welch, Beer and Rippin",Andkhōy,36453,4/9/2021
Howell Group,Bāniyās,92962,12/2/2020
Herzog-Cummerata,Korolëv Stan,51142,9/26/2020
Braun LLC,Gaoming,72067,10/8/2020
Brown-Bahringer,Shidong,82236,12/10/2020
Stoltenberg-Stanton,Xiyang,50045,7/11/2020
Schmidt-Sawayn,Folques,73248,7/18/2020
Torphy-Stehr,Chaodi,41001,6/13/2020
Bruen Inc,Puyuan,96266,12/31/2020
Steuber-Kovacek,Kotabaru,80471,12/31/2020
"Parisian, Gerlach and Nikolaus",Dashtobod,64298,12/17/2020
Von and Sons,Ciloa,62947,5/19/2020
"Muller, Beer and Konopelski",Jardia,78087,3/16/2021
"Kshlerin, Stiedemann and Nolan",Nirasaki,46801,3/17/2021
"Walsh, Marks and Flatley",Vredenburg,4218,6/14/2020
"Hessel, Bechtelar and Koelpin",K’olīto,67189,11/1/2020
Nikolaus LLC,Niort,57011,9/30/2020
Walter Inc,Malalag,21726,9/28/2020
"Lynch, Welch and Emard",Legok,2965,2/15/2021
"Fahey, Huels and Brekke",Chłapowo,97718,6/9/2020
Sipes-Feest,Suya,98380,6/6/2020
"Abbott, Swaniawski and Grant",Awgu,29195,11/21/2020
"Hackett, Bogisich and Gibson",Hengshi,42134,4/13/2021
Gibson-Collins,Aduo,65697,5/21/2020
"Hirthe, Torphy and Okuneva",Obollo-Afor,54656,4/9/2021
Breitenberg-Wilkinson,Shanga,88204,12/18/2020
Will Group,Rueil-Malmaison,10738,8/30/2020
Oberbrunner Inc,La Paz,89174,9/6/2020
O'Kon and Sons,Moutsamoudou,29789,12/28/2020
"Rice, O'Keefe and Hoppe",Cholpon-Ata,17883,9/12/2020
Heidenreich and Sons,Ban Phaeo,47249,10/20/2020
Brakus Inc,Kousa,47205,6/24/2020
Wuckert-Collier,Aquia,87485,12/9/2020
Bergnaum and Sons,Ghanzi,72004,3/4/2021
Steuber Group,Volnovakha,67463,2/24/2021
Schneider Group,Saumur,15029,8/6/2020
Cormier and Sons,Recreio,39649,6/30/2020
Rau and Sons,Bang Pahan,57029,6/10/2020
Hilll LLC,Santa Ana,38797,5/21/2020
Funk Group,Al Mughayyir,41524,10/23/2020
Rath LLC,Lingyang,15419,6/3/2020
Gutkowski-Maggio,Petrikov,34426,8/27/2020
"Bergstrom, Yundt and Bartell",Buynichy,76865,7/27/2020
"Bode, Grimes and Brown",Colomiers,56863,9/20/2020
Langworth Group,Sémé,83145,4/15/2021
Murray-Rau,La Virgen,41776,12/14/2020
"Purdy, Block and Lockman",Basel,89667,10/11/2020
"Considine, Thiel and Breitenberg",Dębowa Łąka,81767,11/13/2020
Dach-McClure,Kitakata,72345,3/31/2021
Rice LLC,Xiaosong,84757,4/1/2021
"Leuschke, Hessel and Purdy",Benisheikh,35147,4/25/2021
"Ferry, Rogahn and Harber",Pālang,50841,7/13/2020
Monahan-O'Conner,Morro do Chapéu,93119,8/2/2020
Price Inc,Santa Lucia,53427,9/7/2020
Oberbrunner-Swaniawski,Canmang,34936,1/2/2021
Schuster Group,Pasto,47349,7/15/2020
"Koelpin, Dickens and Zieme",Zuitou,68975,9/17/2020
"Bednar, Denesik and Block",Gramoteino,36652,5/25/2020
Denesik-Bahringer,Macheke,46482,11/27/2020
Schmitt Group,Piterka,82855,9/22/2020
Ruecker-Hodkiewicz,Piskivka,81357,5/22/2020
"Brekke, Greenholt and Casper",Karangbalong,5562,1/30/2021
"Carroll, Hagenes and Rosenbaum",Sendung,39380,9/8/2020
Swaniawski and Sons,Yangqiaodian,97718,4/1/2021
"Schowalter, Gleason and Dietrich",Laxiong,59728,4/18/2021
Marquardt and Sons,Ivanteyevka,33880,11/6/2020
Wisoky-Collier,Sjöbo,2119,10/31/2020
Kling and Sons,Shoushan,3027,5/25/2020
Raynor Group,Charleston,4340,3/9/2021
Huel Inc,Urazovka,78783,10/25/2020
Howell-Jakubowski,Jabungsisir,99410,1/17/2021
Cronin Inc,Borovichi,69845,5/11/2020
"Reynolds, Spinka and Daniel",Comilla,99016,1/10/2021
"Kovacek, Jast and Bergnaum",Paris 15,94358,3/17/2021
"Von, Anderson and Torp",Hīsh,50990,10/17/2020
Will-Prosacco,Nama,45348,7/26/2020
