Hermione Hanretty,FEMALE
Nelson Hulson,FEMALE
Dud Frampton,MALE
Kip Deveraux,MALE
Ross MacFadzan,FEMALE
Carline Boggish,MALE
Lita Goodband,FEMALE
Lammond Yellowlee,FEMALE
Roi MacNeilly,MALE
Bobby Fries,MALE
Hakeem Corrado,MALE
Myrta Kerwin,MALE
Giusto Perrington,MALE
Lorianne Habercham,FEMALE
Ignace Rivitt,MALE
Worthy De Angelo,FEMALE
Ottilie Mushett,FEMALE
Stacey Jerdein,FEMALE
Annadiane Slipper,FEMALE
Gerrie Leathe,FEMALE
Shirleen Emeny,MALE
Locke Cosbee,FEMALE
Veriee Pohlak,MALE
Austina Sanday,MALE
Christoforo Attaway,FEMALE
Rosita George,MALE
Willi Brownfield,MALE
Tremayne Cheel,FEMALE
Caye Rabat,MALE
Lauri Boundey,MALE
Trent Josephy,FEMALE
Abeu Warters,FEMALE
Alana Jouannisson,MALE
Jabez Gerauld,FEMALE
Merilee Kleuer,MALE
Jania Brecken,MALE
Marybelle Hartas,MALE
Constantia Strangman,MALE
Dillie Nichols,MALE
Isak Tutchener,FEMALE
Parke Vickers,FEMALE
Ashlin Fransman,FEMALE
Jessey Alban,MALE
Andree Fulloway,MALE
Roselin Judge,FEMALE
Farr Tremellan,FEMALE
Ingmar Corker,FEMALE
Derwin Demanche,FEMALE
Wang Creak,MALE
Clevey Josifovic,FEMALE
Philip Parmiter,MALE
Terza O'Halligan,MALE
Grantley Ekless,FEMALE
Traci Sherington,MALE
Quintina Klees,MALE
Philis Scantleberry,FEMALE
Damien Thew,MALE
Saw Pinckard,MALE
Vida Gilliat,FEMALE
Eachelle Ary,FEMALE
Merl Bartlam,FEMALE
Kaylee Innman,FEMALE
Dorree Whiston,MALE
Bella Lissemore,MALE
Ines Page,MALE
Stephanus Blabber,MALE
Shara De Wolfe,MALE
Fanchon Ciric,FEMALE
Zara Killoran,MALE
Kirbee Drake,MALE
Hayley Tuffield,MALE
Gino Lappin,FEMALE
Gussi Stuckford,FEMALE
Bryant Kobel,MALE
Daryle Martinovsky,FEMALE
Jefferey Pittoli,MALE
Ellie Whybray,FEMALE
Philomena Masser,MALE
Konstance Stonbridge,FEMALE
Jami Pitfield,MALE
Koenraad Brumbye,MALE
Lurline Ingle,MALE
Alford Sare,MALE
Elie Beazley,FEMALE
Jessika Castelin,FEMALE
Margeaux Clandillon,FEMALE
Bordy Pulhoster,FEMALE
Terence Ridgewell,MALE
Mathew Brackenbury,MALE
Bobinette Hizir,FEMALE
Madeleine St. Louis,MALE
Gae Vigers,FEMALE
Tod Salter,MALE
Gert Hens,MALE
Emlyn Bruffell,MALE
Genevieve Guihen,MALE
Roderick Hazlehurst,FEMALE
Johann Daubeny,MALE
Ashley Lunck,FEMALE
Demott Jenicek,MALE
